category_id,current_rank,rank_change,brand,product_name,rating,review_count,price,update_date,rank_change_value,previous_rank,rank_change_score,current_rank_score,rating_score,score
1,1,-,퓌,올데이 커버 블랙 쿠션 [SPF40/PA++],4.25,239,28000,2026.09.06,0,1,0.0,30.0,11.6,41.6
1,2,-,에스쁘아,비 글로우 파운데이션 [SPF27/PA++],4.34,568,42000,2026.09.06,0,2,0.0,28.42,15.2,43.62
1,3,+1,입생로랑 뷰티,뚜쉬 에끌라 글로우 팩트 쿠션 [SPF50+/PA++++],4.46,848,114000,2026.09.06,1,4,2.67,26.84,20.0,49.51
1,4,+7,네이밍,올데이 마스터 쿠션 [SPF30/PA++],4.38,162,34000,2026.09.06,7,11,18.67,25.26,16.8,60.73
1,5,+4,VDL,커버 스테인 퍼펙팅 쿠션 [SPF35/PA++],4.36,503,34000,2026.09.06,4,9,10.67,23.68,16.0,50.35
1,6,+2,비디비치,블랙 퍼펙션 커버 핏 쿠션 [SPF40/PA++],4.41,226,46000,2026.09.06,2,8,5.33,22.11,18.0,45.44
1,7,-1,헤라,실키 스테이 24H 롱웨어 파운데이션 [SPF20/PA++],4.43,1825,70000,2026.09.06,-1,6,0.0,20.53,18.8,39.33
1,8,+4,헤라,블랙 쿠션 파운데이션 [SPF34/PA++],4.38,1510,74000,2026.09.06,4,12,10.67,18.95,16.8,46.42
1,9,+1,나스,네츄럴 매트 롱웨어 파운데이션,4.47,769,82000,2026.09.06,1,10,2.67,17.37,20.4,40.44
1,10,-5,VDL,커버 스테인 퍼펙팅 파운데이션 [SPF35/PA++],4.35,1323,34000,2026.09.06,-5,5,0.0,15.79,15.6,31.39
1,11,-8,지베르니,밀착 커버 파운데이션 [SPF30/PA++],4.17,1461,33000,2026.09.06,-8,3,0.0,14.21,8.4,22.61
1,12,-5,롬앤,유에프오 커버 쿠션 [SPF40/PA++],3.96,77,28000,2026.09.06,-5,7,0.0,12.63,0.0,12.63
1,13,-,정샘물,에센셜 스킨 누더 쿠션 [SPF50+/PA+++],4.17,5133,48000,2026.09.06,0,13,0.0,11.05,8.4,19.45
1,14,-,어바웃톤,스킨 레이어 핏 쿠션 [SPF30/PA++],4.24,385,32000,2026.09.06,0,14,0.0,9.47,11.2,20.67
1,15,-,클리오,킬 커버 파운웨어 쿠션 [SPF40/PA++],4.21,228,36000,2026.09.06,0,15,0.0,7.89,10.0,17.89
1,16,+15,웨이크메이크,스킨 퍼펙팅 커버 쿠션 [SPF40/PA++],4.59,33,36000,2026.09.06,15,31,40.0,6.32,25.2,71.52
1,17,+1,지베르니,밀착 커버 쿠션 [SPF40+/PA+++],4.19,363,37000,2026.09.06,1,18,2.67,4.74,9.2,16.61
1,18,-1,힌스,세컨 스킨 메쉬 매트 쿠션 [SPF40/PA++],4.31,1295,34000,2026.09.06,-1,17,0.0,3.16,14.0,17.16
1,19,+2,네이밍,레이어드 핏 쿠션 [SPF50+/PA+++],4.29,1410,28000,2026.09.06,2,21,5.33,1.58,13.2,20.11
1,20,-1,어바웃톤,스킨 레이어 핏 파운데이션 [SPF30/PA++],4.38,1122,28000,2026.09.06,-1,19,0.0,0.0,16.8,16.8
2,1,-,루미르,라이트 온 아이즈 섀도우 팔레트,4.68,439,39000,2026.09.06,0,1,0.0,30.0,28.8,58.8
2,2,+10,홀리카홀리카,소프튠 무드 팔레트,4.6,56,5000,2026.09.06,10,12,26.67,28.42,25.6,80.69
2,3,-1,홀리카홀리카,마이페이브 피스 젤테일,4.63,266,6000,2026.09.06,-1,2,0.0,26.84,26.8,53.64
2,4,-1,홀리카홀리카,마이페이브 피스 섀도우 [매트],4.69,1343,6000,2026.09.06,-1,3,0.0,25.26,29.2,54.46
2,5,+2,투에이엔,베러 미 아이 팔레트,4.62,436,23000,2026.09.06,2,7,5.33,23.68,26.4,55.41
2,6,-1,페리페라,(페리페라X인보라) 올테이크 무드 팔레트,4.58,142,23000,2026.09.06,-1,5,0.0,22.11,24.8,46.91
2,7,-3,프릴루드 딘토,노스탈지아 아이 팔레트,4.33,361,5000,2026.09.06,-3,4,0.0,20.53,14.8,35.33
2,8,+2,홀리카홀리카,마이페이브 무드 아이팔레트 [레터프롬스프링],4.67,410,28000,2026.09.06,2,10,5.33,18.95,28.4,52.68
2,9,-3,팁토우,위시 터치 아이 팔레트,4.42,125,29000,2026.09.06,-3,6,0.0,17.37,18.4,35.77
2,10,-2,웨이크메이크,소프트 블러링 아이팔레트,4.4,1174,34000,2026.09.06,-2,8,0.0,15.79,17.6,33.39
2,11,-2,클리오,(왕실에디션) 뮤즈 마스터 팔레트,4.59,123,27000,2026.09.06,-2,9,0.0,14.21,25.2,39.41
2,12,+1,컬러그램,올인원 애교살 메이커,4.25,774,9800,2026.09.06,1,13,2.67,12.63,11.6,26.9
2,13,-2,클리오,프로 아이 팔레트 에어,4.64,1333,34000,2026.09.06,-2,11,0.0,11.05,27.2,38.25
2,14,+2,롬앤,베러 댄 팔레트,4.37,1244,30000,2026.09.06,2,16,5.33,9.47,16.4,31.2
2,15,-1,투쿨포스쿨,아트클래스 프로타주 펜슬,4.15,1927,13000,2026.09.06,-1,14,0.0,7.89,7.6,15.49
2,16,-1,홀리카홀리카,마이페이브 피스 섀도우 [쉬머],4.68,632,6000,2026.09.06,-1,15,0.0,6.32,28.8,35.12
2,17,+2,이글립스,소프트 아이 팔레트,4.43,81,26000,2026.09.06,2,19,5.33,4.74,18.8,28.87
2,18,+3,리스키 뷰티,피그먼트 아이섀도우 팔레트,4.71,80,36000,2026.09.06,3,21,8.0,3.16,30.0,41.16
2,19,-2,롬앤,슬라이드 인 싱글 [매트],4.19,186,7000,2026.09.06,-2,17,0.0,1.58,9.2,10.78
2,20,-,캔메이크,플럼푸크 코디네이트 아이즈,4.44,140,14000,2026.09.06,0,20,0.0,0.0,19.2,19.2
3,1,-,웨이크메이크,볼드 립 블러 틴트,4.44,63,16000,2026.09.06,0,1,0.0,30.0,19.2,49.2
3,2,-,투크,윗아웃 미러 립 틴트,4.38,252,19000,2026.09.06,0,2,0.0,28.42,16.8,45.22
3,3,+2,투크,볼륨 글레이즈 시럽 틴트,4.51,112,16000,2026.09.06,2,5,5.33,26.84,22.0,54.17
3,4,-1,누그레이,듀이티 스테인 틴트,4.55,83,16000,2026.09.06,-1,3,0.0,25.26,23.6,48.86
3,5,-1,퓌,3D 볼류밍 틴트,4.4,257,18000,2026.09.06,-1,4,0.0,23.68,17.6,41.28
3,6,+5,얼터너티브스테레오,립 포션 카라멜 글레이즈,4.66,528,19000,2026.09.06,5,11,13.33,22.11,28.0,63.44
3,7,-1,뮤드,엔젤 허그 글레이즈,4.55,58,17000,2026.09.06,-1,6,0.0,20.53,23.6,44.13
3,8,+2,힌스,누 블러 틴트,4.54,427,17000,2026.09.06,2,10,5.33,18.95,23.2,47.48
3,9,-2,힌스,미러 듀 글로스,4.55,170,17000,2026.09.06,-2,7,0.0,17.37,23.6,40.97
3,10,-2,얼터너티브스테레오,(망그러진 곰 콜라보) 립 포션 카라멜 글레이즈,4.52,223,19000,2026.09.06,-2,8,0.0,15.79,22.4,38.19
3,11,-2,컬러그램,탕후루 탱글 틴트 밀크,4.43,226,10000,2026.09.06,-2,9,0.0,14.21,18.8,33.01
3,12,+2,브레이,씬 글로우틴트,4.27,169,17000,2026.09.06,2,14,5.33,12.63,12.4,30.36
3,13,-1,페리페라,무드 글로이 틴트,4.21,333,13000,2026.09.06,-1,12,0.0,11.05,10.0,21.05
3,14,-1,하트퍼센트,도트 온 무드 원 웨이 글로이 틴트,4.48,340,18000,2026.09.06,-1,13,0.0,9.47,20.8,30.27
3,15,+1,클리오,크리스탈 글램 틴트,4.45,1507,18000,2026.09.06,1,16,2.67,7.89,19.6,30.16
3,16,-1,네이밍,오버 듀 글로시 립 틴트,4.1,93,17000,2026.09.06,-1,15,0.0,6.32,5.6,11.92
3,17,+2,토니모리,퍼펙트 립스 쇼킹립,4.35,912,15000,2026.09.06,2,19,5.33,4.74,15.6,25.67
3,18,-1,힌스,로 글로우 젤 틴트,4.44,1646,17000,2026.09.06,-1,17,0.0,3.16,19.2,22.36
3,19,+1,딘토,블러글로이 립 틴트,4.37,1180,20000,2026.09.06,1,20,2.67,1.58,16.4,20.65
3,20,+1,삐아,오버 글레이즈,4.47,807,16000,2026.09.06,1,21,2.67,0.0,20.4,23.07
