category_id,current_rank,rank_change,brand,product_name,rating,review_count,price,update_date
1,1,-,퓌,올데이 커버 블랙 쿠션 [SPF40/PA++],4.25,240,"28,000원",2026.09.06
1,2,-,에스쁘아,비 글로우 파운데이션 [SPF27/PA++],4.34,572,"42,000원",2026.09.06
1,3,+1,입생로랑 뷰티,뚜쉬 에끌라 글로우 팩트 쿠션 [SPF50+/PA++++],4.46,848,"114,000원",2026.09.06
1,4,+7,네이밍,올데이 마스터 쿠션 [SPF30/PA++],4.36,169,"34,000원",2026.09.06
1,5,+4,VDL,커버 스테인 퍼펙팅 쿠션 [SPF35/PA++],4.36,507,"34,000원",2026.09.06
1,6,+2,비디비치,블랙 퍼펙션 커버 핏 쿠션 [SPF40/PA++],4.41,226,"46,000원",2026.09.06
1,7,-1,헤라,실키 스테이 24H 롱웨어 파운데이션 [SPF20/PA++],4.43,1827,"70,000원",2026.09.06
1,8,+4,헤라,블랙 쿠션 파운데이션 [SPF34/PA++],4.38,1514,"74,000원",2026.09.06
1,9,+1,나스,네츄럴 매트 롱웨어 파운데이션,4.47,769,"82,000원",2026.09.06
1,10,-5,VDL,커버 스테인 퍼펙팅 파운데이션 [SPF35/PA++],4.35,1325,"34,000원",2026.09.06
1,11,-8,지베르니,밀착 커버 파운데이션 [SPF30/PA++],4.17,1463,"33,000원",2026.09.06
1,12,-5,롬앤,유에프오 커버 쿠션 [SPF40/PA++],3.94,79,"28,000원",2026.09.06
1,13,-,정샘물,에센셜 스킨 누더 쿠션 [SPF50+/PA+++],4.17,5137,"48,000원",2026.09.06
1,14,-,어바웃톤,스킨 레이어 핏 쿠션 [SPF30/PA++],4.34,387,"32,000원",2026.09.06
1,15,-,클리오,킬 커버 파운웨어 쿠션 [SPF40/PA++],4.21,233,"36,000원",2026.09.06
1,16,+15,웨이크메이크,스킨 퍼펙팅 커버 쿠션 [SPF40/PA++],4.61,36,"36,000원",2026.09.06
1,17,+1,지베르니,밀착 커버 쿠션 [SPF40+/PA+++],4.19,364,"37,000원",2026.09.06
1,18,-1,힌스,세컨 스킨 메쉬 매트 쿠션 [SPF40/PA++],4.31,1297,"34,000원",2026.09.06
1,19,+2,네이밍,레이어드 핏 쿠션 [SPF50+/PA+++],4.29,1410,"28,000원",2026.09.06
1,20,-1,어바웃톤,스킨 레이어 핏 파운데이션 [SPF30/PA++],4.38,1125,"28,000원",2026.09.06
2,1,-,루미르,라이트 온 아이즈 섀도우 팔레트,4.67,443,"39,000원",2026.09.06
2,2,+10,홀리카홀리카,소프튠 무드 팔레트,4.55,66,"5,000원",2026.09.06
2,3,-1,홀리카홀리카,마이페이브 피스 젤테일,4.63,271,"6,000원",2026.09.06
2,4,-1,홀리카홀리카,마이페이브 피스 섀도우 [매트],4.69,1346,"6,000원",2026.09.06
2,5,+2,투에이엔,베러 미 아이 팔레트,4.62,437,"23,000원",2026.09.06
2,6,-1,페리페라,(페리페라X인보라) 올테이크 무드 팔레트,4.59,145,"23,000원",2026.09.06
2,7,-3,프릴루드 딘토,노스탈지아 아이 팔레트,4.33,365,"5,000원",2026.09.06
2,8,+2,홀리카홀리카,마이페이브 무드 아이팔레트 [레터프롬스프링],4.67,412,"28,000원",2026.09.06
2,9,-3,팁토우,위시 터치 아이 팔레트,4.41,128,"29,000원",2026.09.06
2,10,-2,웨이크메이크,소프트 블러링 아이팔레트,4.40,1180,"34,000원",2026.09.06
2,11,-2,클리오,(왕실에디션) 뮤즈 마스터 팔레트,4.60,125,"27,000원",2026.09.06
2,12,+1,컬러그램,올인원 애교살 메이커,4.25,783,"9,800원",2026.09.06
2,13,-2,클리오,프로 아이 팔레트 에어,4.64,1337,"34,000원",2026.09.06
2,14,+2,롬앤,베러 댄 팔레트,4.37,1245,"30,000원",2026.09.06
2,15,-1,투쿨포스쿨,아트클래스 프로타주 펜슬,4.15,1937,"13,000원",2026.09.06
2,16,-1,홀리카홀리카,마이페이브 피스 섀도우 [쉬머],4.68,632,"6,000원",2026.09.06
2,17,+2,이글립스,소프트 아이 팔레트,4.43,81,"26,000원",2026.09.06
2,18,+3,리스키 뷰티,피그먼트 아이섀도우 팔레트,4.62,81,"36,000원",2026.09.06
2,19,-2,롬앤,슬라이드 인 싱글 [매트],4.19,188,"7,000원",2026.09.06
2,20,-,캔메이크,플럼푸크 코디네이트 아이즈,4.44,140,"14,000원",2026.09.06
3,1,-,웨이크메이크,볼드 립 블러 틴트,4.46,66,"16,000원",2026.09.06
3,2,-,투크,윗아웃 미러 립 틴트,4.38,253,"19,000원",2026.09.06
3,3,+2,투크,볼륨 글레이즈 시럽 틴트,4.52,116,"16,000원",2026.09.06
3,4,-1,누그레이,듀이티 스테인 틴트,4.55,85,"16,000원",2026.09.06
3,5,-1,퓌,3D 볼류밍 틴트,4.40,260,"18,000원",2026.09.06
3,6,+5,얼터너티브스테레오,립 포션 카라멜 글레이즈,4.52,529,"19,000원",2026.09.06
3,7,-1,뮤드,엔젤 허그 글레이즈,4.55,58,"17,000원",2026.09.06
3,8,+2,힌스,누 블러 틴트,4.55,429,"17,000원",2026.09.06
3,9,-2,힌스,미러 듀 글로스,4.55,170,"17,000원",2026.09.06
3,10,-2,얼터너티브스테레오,(망그러진 곰 콜라보) 립 포션 카라멜 글레이즈,4.52,223,"19,000원",2026.09.06
3,11,-2,컬러그램,탕후루 탱글 틴트 밀크,4.43,228,"10,000원",2026.09.06
3,12,+2,브레이,씬 글로우틴트,4.27,170,"17,000원",2026.09.06
3,13,-1,페리페라,무드 글로이 틴트,4.21,342,"13,000원",2026.09.06
3,14,-1,하트퍼센트,도트 온 무드 원 웨이 글로이 틴트,4.48,341,"18,000원",2026.09.06
3,15,+1,클리오,크리스탈 글램 틴트,4.45,1508,"18,000원",2026.09.06
3,16,-1,네이밍,오버 듀 글로시 립 틴트,4.11,97,"17,000원",2026.09.06
3,17,+2,토니모리,퍼펙트 립스 쇼킹립,4.35,914,"15,000원",2026.09.06
3,18,-1,힌스,로 글로우 젤 틴트,4.44,1649,"17,000원",2026.09.06
3,19,+1,딘토,블러글로이 립 틴트,4.37,1183,"20,000원",2026.09.06
3,20,+1,삐아,오버 글레이즈,4.47,808,"16,000원",2026.09.06
